{"cameraMode":{"drawMode":0,"name":"Shaded","section":"Shading Mode"},"sceneLighting":false,"audioPlay":false,"sceneViewState":{"showFog":true,"showMaterialUpdate":false,"showSkybox":false,"showFlares":true,"showImageEffects":true,"showParticleSystems":true},"in2DMode":false,"pivot":{"x":58.23891830444336,"y":4.066762924194336,"z":61.92684555053711},"rotation":{"x":-0.2523839771747589,"y":0.267670601606369,"z":-0.07287702709436417,"w":-0.9270247220993042},"size":4.709479808807373,"orthographic":false}