{"cameraMode":{"drawMode":0,"name":"Shaded","section":"Shading Mode"},"sceneLighting":true,"audioPlay":false,"sceneViewState":{"showFog":true,"showMaterialUpdate":false,"showSkybox":true,"showFlares":true,"showImageEffects":true,"showParticleSystems":true},"in2DMode":false,"pivot":{"x":-1.6759033203125,"y":-27.69381332397461,"z":50.671241760253909},"rotation":{"x":-0.16824379563331605,"y":0.7331268787384033,"z":-0.1960551142692566,"w":-0.6291230320930481},"size":30.557138442993165,"orthographic":false}