{"cameraMode":{"drawMode":0,"name":"Shaded","section":"Shading Mode"},"sceneLighting":true,"audioPlay":false,"sceneViewState":{"showFog":true,"showMaterialUpdate":false,"showSkybox":true,"showFlares":true,"showImageEffects":true,"showParticleSystems":true},"in2DMode":false,"pivot":{"x":17.412303924560548,"y":-39.13518142700195,"z":37.67454147338867},"rotation":{"x":-0.20423777401447297,"y":0.7616719007492065,"z":-0.28566110134124758,"w":-0.5445697903633118},"size":40.261131286621097,"orthographic":false}