{"cameraMode":{"drawMode":0,"name":"Shaded","section":"Shading Mode"},"sceneLighting":true,"audioPlay":false,"sceneViewState":{"showFog":true,"showMaterialUpdate":false,"showSkybox":true,"showFlares":true,"showImageEffects":true,"showParticleSystems":true},"in2DMode":false,"pivot":{"x":51.529998779296878,"y":0.8787552118301392,"z":49.32415771484375},"rotation":{"x":-0.25178128480911257,"y":0.7257552742958069,"z":-0.33488306403160097,"w":-0.5456802248954773},"size":1.5169517993927003,"orthographic":false}